{
    "version": 1,
    "timestamp": "2026-05-28T22:50:36.0196529+01:00",
    "completionPercent": 1.0,
    "pieceStates": [
        {
            "pieceId": 0,
            "state": "on_wall",
            "wallSlot": 1,
            "position": [
                0.6009950041770935,
                0.6354060769081116,
                -3.124770164489746
            ],
            "rotation": [
                0.15936046838760377,
                0.0612134225666523,
                0.17211513221263886,
                -0.9701718688011169
            ],
            "clusterId": 1
        },
        {
            "pieceId": 2,
            "state": "on_wall",
            "wallSlot": 2,
            "position": [
                0.9055794477462769,
                0.40273112058639529,
                -3.1157681941986086
            ],
            "rotation": [
                0.15936046838760377,
                0.0612134225666523,
                0.17211513221263886,
                -0.9701718688011169
            ],
            "clusterId": 1
        },
        {
            "pieceId": 1,
            "state": "on_wall",
            "wallSlot": 0,
            "position": [
                0.5692822933197022,
                0.3532324433326721,
                -3.2604360580444338
            ],
            "rotation": [
                0.15936046838760377,
                0.061213430017232898,
                0.17211514711380006,
                -0.9701719284057617
            ],
            "clusterId": 1
        }
    ],
    "clusters": [
        {
            "clusterId": 1,
            "memberPieceIds": [
                1,
                0,
                2
            ]
        }
    ]
}