{
    "version": 1,
    "timestamp": "2026-05-28T23:11:48.2685047+01:00",
    "completionPercent": 1.0,
    "pieceStates": [
        {
            "pieceId": 0,
            "state": "floating",
            "wallSlot": 1,
            "position": [
                0.5245540142059326,
                0.35465723276138308,
                -2.97389554977417
            ],
            "rotation": [
                0.09341879934072495,
                0.07447099685668946,
                0.21878080070018769,
                -0.9684327244758606
            ],
            "clusterId": 0
        },
        {
            "pieceId": 2,
            "state": "floating",
            "wallSlot": 2,
            "position": [
                0.4267684817314148,
                0.5677247643470764,
                -3.194873094558716
            ],
            "rotation": [
                0.09341894090175629,
                0.0744708850979805,
                0.21878090500831605,
                -0.9684327840805054
            ],
            "clusterId": 0
        },
        {
            "pieceId": 1,
            "state": "floating",
            "wallSlot": 0,
            "position": [
                0.4267681837081909,
                0.5677247643470764,
                -3.194873332977295
            ],
            "rotation": [
                0.09341878443956375,
                0.07447101175785065,
                0.21878081560134889,
                -0.9684327244758606
            ],
            "clusterId": 0
        }
    ],
    "clusters": [
        {
            "clusterId": 0,
            "memberPieceIds": [
                0,
                2,
                1
            ]
        }
    ]
}