{
    "version": 1,
    "timestamp": "2026-05-27T23:01:24.7226039+01:00",
    "completionPercent": 0.5,
    "pieceStates": [
        {
            "pieceId": 0,
            "state": "floating",
            "wallSlot": 1,
            "position": [
                0.18198025226593018,
                1.0299434661865235,
                -2.7255516052246095
            ],
            "rotation": [
                0.04036637768149376,
                -0.15639036893844605,
                0.19927053153514863,
                -0.9665421843528748
            ],
            "clusterId": 0
        },
        {
            "pieceId": 1,
            "state": "on_wall",
            "wallSlot": 0,
            "position": [
                -0.5405906438827515,
                0.5770093202590942,
                0.5
            ],
            "rotation": [
                0.0,
                1.0,
                0.0,
                0.0
            ],
            "clusterId": 1
        },
        {
            "pieceId": 2,
            "state": "on_wall",
            "wallSlot": 2,
            "position": [
                0.428921639919281,
                0.7921783328056336,
                -2.8972434997558595
            ],
            "rotation": [
                0.04036637768149376,
                -0.15639036893844605,
                0.19927051663398744,
                -0.9665422439575195
            ],
            "clusterId": 0
        }
    ],
    "clusters": [
        {
            "clusterId": 0,
            "memberPieceIds": [
                0,
                2
            ]
        },
        {
            "clusterId": 1,
            "memberPieceIds": [
                1
            ]
        }
    ]
}