{
  "source": "DamagedHelmet.glb",
  "piece_count": 6,
  "mode": "shell",
  "gap": 0.001,
  "peg_clearance": 0.003,
  "shell_thickness": 0.02,
  "tab_density": 0.3,
  "seed": 42,
  "total_bounds": {
    "center": [
      -2.0579725974578484e-17,
      -1.5434794480933864e-17,
      5.144931493644621e-18
    ],
    "extents": [
      0.9449769291295451,
      0.9009843825707208,
      1.0
    ]
  },
  "seeds": [
    14298,
    10203,
    1829,
    9523,
    15442,
    12413
  ],
  "piece_vertex_counts": [
    2601,
    2196,
    3340,
    2038,
    1898,
    2483
  ]
}