{
  "source": "DamagedHelmet.glb",
  "piece_count": 24,
  "mode": "shell",
  "gap": 0.001,
  "peg_clearance": 0.003,
  "shell_thickness": 0.02,
  "tab_density": 0.3,
  "seed": null,
  "total_bounds": {
    "center": [
      -2.0579725974578484e-17,
      -1.5434794480933864e-17,
      5.144931493644621e-18
    ],
    "extents": [
      0.9449769291295451,
      0.9009843825707208,
      1.0
    ]
  },
  "seeds": [
    8403,
    15025,
    1119,
    13130,
    14084,
    12147,
    10835,
    15382,
    13344,
    5201,
    1754,
    8988,
    2713,
    11091,
    15441,
    13268,
    8763,
    5926,
    10457,
    14355,
    8273,
    9543,
    5666,
    12301
  ],
  "piece_vertex_counts": [
    809,
    313,
    1219,
    255,
    312,
    285,
    515,
    740,
    1013,
    334,
    1303,
    601,
    500,
    503,
    383,
    376,
    520,
    797,
    513,
    1015,
    583,
    954,
    355,
    358
  ]
}